Session_Id, customer_id,product_id_purchased,Types
6f87bf71-aba7-11ed-99f3-9f24bacbc83d,1,97,Cart
6f87bf72-aba7-11ed-beac-9f24bacbc83d,1,146,Views
6f87bf73-aba7-11ed-8f45-9f24bacbc83d,2,208,Cart
6f87bf74-aba7-11ed-8c4c-9f24bacbc83d,2,185,Views
6f87bf75-aba7-11ed-98f0-9f24bacbc83d,2,156,Cart
6f87bf76-aba7-11ed-a76d-9f24bacbc83d,2,40,Purchase
6f87bf77-aba7-11ed-bd1b-9f24bacbc83d,3,149,Purchase
6f87bf78-aba7-11ed-a352-9f24bacbc83d,3,134,Views
6f87bf79-aba7-11ed-abef-9f24bacbc83d,4,148,Cart
6f87bf7a-aba7-11ed-8c79-9f24bacbc83d,4,59,Purchase
6f87bf7b-aba7-11ed-ac2e-9f24bacbc83d,4,19,Purchase
6f87bf7c-aba7-11ed-b939-9f24bacbc83d,4,93,Cart
6f87bf7d-aba7-11ed-b268-9f24bacbc83d,5,94,Purchase
6f87bf7e-aba7-11ed-a6b4-9f24bacbc83d,5,126,Purchase
6f87bf7f-aba7-11ed-8947-9f24bacbc83d,5,135,Views
6f87bf80-aba7-11ed-8254-9f24bacbc83d,5,169,Cart
6f87bf81-aba7-11ed-8375-9f24bacbc83d,5,192,Cart
6f87bf82-aba7-11ed-ab0f-9f24bacbc83d,5,19,Purchase
6f87bf83-aba7-11ed-9899-9f24bacbc83d,5,39,Purchase
6f87bf84-aba7-11ed-b5ef-9f24bacbc83d,6,61,Purchase
6f87bf85-aba7-11ed-8db6-9f24bacbc83d,6,160,Views
6f87bf86-aba7-11ed-9fde-9f24bacbc83d,6,179,Views
6f87bf87-aba7-11ed-9c2a-9f24bacbc83d,6,153,Cart
6f87bf88-aba7-11ed-b3ae-9f24bacbc83d,6,197,Views
6f87bf89-aba7-11ed-97ec-9f24bacbc83d,6,81,Cart
6f87bf8a-aba7-11ed-80ea-9f24bacbc83d,6,104,Cart
6f87bf8b-aba7-11ed-80b9-9f24bacbc83d,6,1,Cart
6f87bf8c-aba7-11ed-b800-9f24bacbc83d,7,193,Views
6f87bf8d-aba7-11ed-9396-9f24bacbc83d,7,27,Purchase
6f87bf8e-aba7-11ed-87d4-9f24bacbc83d,8,156,Views
6f87bf8f-aba7-11ed-bdf1-9f24bacbc83d,8,112,Cart
6f87bf90-aba7-11ed-945f-9f24bacbc83d,8,165,Cart
6f87bf91-aba7-11ed-a73f-9f24bacbc83d,9,165,Cart
6f87bf92-aba7-11ed-9163-9f24bacbc83d,9,205,Views
6f87bf93-aba7-11ed-b20e-9f24bacbc83d,10,3,Views
6f87bf94-aba7-11ed-a1d1-9f24bacbc83d,10,159,Views
6f87bf95-aba7-11ed-9a8b-9f24bacbc83d,10,25,Views
6f87bf96-aba7-11ed-a219-9f24bacbc83d,10,64,Purchase
6f87bf97-aba7-11ed-88bc-9f24bacbc83d,10,179,Views
6f87bf98-aba7-11ed-89ef-9f24bacbc83d,10,206,Views
6f87bf99-aba7-11ed-bab0-9f24bacbc83d,10,95,Views
6f87bf9a-aba7-11ed-95db-9f24bacbc83d,11,185,Views
6f87bf9b-aba7-11ed-aa26-9f24bacbc83d,11,131,Purchase
6f87bf9c-aba7-11ed-9aa9-9f24bacbc83d,11,59,Views
6f87bf9d-aba7-11ed-a24a-9f24bacbc83d,11,117,Views
6f87bf9e-aba7-11ed-aece-9f24bacbc83d,11,122,Views
6f87bf9f-aba7-11ed-a1f1-9f24bacbc83d,11,140,Cart
6f87bfa0-aba7-11ed-a16e-9f24bacbc83d,11,71,Cart
6f87bfa1-aba7-11ed-a989-9f24bacbc83d,12,104,Cart
6f87bfa2-aba7-11ed-a2f2-9f24bacbc83d,12,142,Cart
6f87bfa3-aba7-11ed-8720-9f24bacbc83d,12,31,Purchase
6f87bfa4-aba7-11ed-ba6a-9f24bacbc83d,12,85,Views
6f87bfa5-aba7-11ed-a01f-9f24bacbc83d,12,174,Views
6f87bfa6-aba7-11ed-895d-9f24bacbc83d,12,179,Views
6f87bfa7-aba7-11ed-8d67-9f24bacbc83d,12,159,Views
6f87bfa8-aba7-11ed-9d78-9f24bacbc83d,13,209,Views
6f87bfa9-aba7-11ed-857d-9f24bacbc83d,13,146,Views
6f87bfaa-aba7-11ed-9b7b-9f24bacbc83d,14,120,Purchase
6f87bfab-aba7-11ed-a6e9-9f24bacbc83d,15,163,Views
6f87bfac-aba7-11ed-b8a1-9f24bacbc83d,16,121,Cart
6f87bfad-aba7-11ed-98be-9f24bacbc83d,16,130,Cart
6f87bfae-aba7-11ed-979f-9f24bacbc83d,16,131,Views
6f87bfaf-aba7-11ed-b030-9f24bacbc83d,16,67,Views
6f87bfb0-aba7-11ed-88c9-9f24bacbc83d,17,149,Purchase
6f87bfb1-aba7-11ed-93ea-9f24bacbc83d,17,114,Purchase
6f87bfb2-aba7-11ed-9c07-9f24bacbc83d,17,134,Views
6f87bfb3-aba7-11ed-a97a-9f24bacbc83d,18,92,Views
6f87bfb4-aba7-11ed-92fb-9f24bacbc83d,19,85,Cart
6f87bfb5-aba7-11ed-9b5d-9f24bacbc83d,20,46,Cart
6f87bfb6-aba7-11ed-be3c-9f24bacbc83d,20,133,Cart
6f87bfb7-aba7-11ed-bf4f-9f24bacbc83d,20,163,Cart
6f87bfb8-aba7-11ed-9751-9f24bacbc83d,20,127,Purchase
6f87bfb9-aba7-11ed-b661-9f24bacbc83d,20,114,Cart
6f87bfba-aba7-11ed-aff3-9f24bacbc83d,20,152,Views
6f87bfbb-aba7-11ed-84c6-9f24bacbc83d,20,203,Purchase
6f87bfbc-aba7-11ed-8d53-9f24bacbc83d,20,1,Purchase
6f87bfbd-aba7-11ed-9467-9f24bacbc83d,20,42,Cart
6f87bfbe-aba7-11ed-933d-9f24bacbc83d,21,79,Cart
6f87bfbf-aba7-11ed-8122-9f24bacbc83d,21,194,Cart
6f87bfc0-aba7-11ed-8c88-9f24bacbc83d,21,26,Purchase
6f87bfc1-aba7-11ed-88e1-9f24bacbc83d,21,121,Views
6f87bfc2-aba7-11ed-bec8-9f24bacbc83d,22,78,Views
6f87bfc3-aba7-11ed-b857-9f24bacbc83d,22,189,Cart
6f87bfc4-aba7-11ed-9585-9f24bacbc83d,22,12,Purchase
6f87bfc5-aba7-11ed-ac39-9f24bacbc83d,22,51,Purchase
6f87bfc6-aba7-11ed-8f05-9f24bacbc83d,22,43,Views
6f87bfc7-aba7-11ed-a95e-9f24bacbc83d,23,139,Cart
6f87bfc8-aba7-11ed-ac3e-9f24bacbc83d,23,200,Views
6f87bfc9-aba7-11ed-9399-9f24bacbc83d,23,27,Views
6f87bfca-aba7-11ed-8b94-9f24bacbc83d,23,43,Views
6f87bfcb-aba7-11ed-9c64-9f24bacbc83d,23,179,Views
6f87bfcc-aba7-11ed-8b58-9f24bacbc83d,23,114,Views
6f87bfcd-aba7-11ed-9b4c-9f24bacbc83d,24,98,Views
6f87bfce-aba7-11ed-94c6-9f24bacbc83d,24,168,Views
6f87bfcf-aba7-11ed-bb1b-9f24bacbc83d,24,145,Cart
6f87bfd0-aba7-11ed-9ca5-9f24bacbc83d,24,100,Views
6f87bfd1-aba7-11ed-afc1-9f24bacbc83d,24,62,Views
6f87bfd2-aba7-11ed-b6e1-9f24bacbc83d,24,76,Cart
6f87bfd3-aba7-11ed-b96b-9f24bacbc83d,24,199,Cart
6f87bfd4-aba7-11ed-92c4-9f24bacbc83d,25,176,Views
6f87bfd5-aba7-11ed-8cfd-9f24bacbc83d,25,181,Cart
6f87bfd6-aba7-11ed-b2a5-9f24bacbc83d,25,167,Views
6f87bfd7-aba7-11ed-868e-9f24bacbc83d,25,87,Views
6f87bfd8-aba7-11ed-a265-9f24bacbc83d,25,116,Purchase
6f87bfd9-aba7-11ed-87fc-9f24bacbc83d,25,179,Views
6f87bfda-aba7-11ed-85a2-9f24bacbc83d,25,69,Cart
6f87bfdb-aba7-11ed-a43c-9f24bacbc83d,25,171,Views
6f87bfdc-aba7-11ed-a18c-9f24bacbc83d,25,7,Views
6f87bfdd-aba7-11ed-a39c-9f24bacbc83d,26,179,Views
6f87bfde-aba7-11ed-b92c-9f24bacbc83d,26,168,Cart
6f87bfdf-aba7-11ed-bd8b-9f24bacbc83d,26,48,Views
6f87bfe0-aba7-11ed-89bd-9f24bacbc83d,26,112,Views
6f87bfe1-aba7-11ed-9dea-9f24bacbc83d,26,37,Views
6f87bfe2-aba7-11ed-9d2a-9f24bacbc83d,27,101,Cart
6f87bfe3-aba7-11ed-a0d7-9f24bacbc83d,27,32,Cart
6f87bfe4-aba7-11ed-85bf-9f24bacbc83d,28,157,Cart
6f87bfe5-aba7-11ed-a8c0-9f24bacbc83d,28,110,Purchase
6f87bfe6-aba7-11ed-b792-9f24bacbc83d,28,103,Purchase
6f87bfe7-aba7-11ed-bc78-9f24bacbc83d,29,177,Purchase
6f87bfe8-aba7-11ed-b082-9f24bacbc83d,29,71,Purchase
6f87bfe9-aba7-11ed-9e31-9f24bacbc83d,29,25,Views
6f87bfea-aba7-11ed-ad6c-9f24bacbc83d,29,22,Purchase
6f87bfeb-aba7-11ed-a1ff-9f24bacbc83d,29,93,Views
6f87bfec-aba7-11ed-bf86-9f24bacbc83d,29,198,Cart
6f87bfed-aba7-11ed-a6d4-9f24bacbc83d,29,101,Views
6f87bfee-aba7-11ed-9571-9f24bacbc83d,29,66,Cart
6f87bfef-aba7-11ed-a758-9f24bacbc83d,29,98,Cart
6f87bff0-aba7-11ed-ac47-9f24bacbc83d,30,119,Cart
6f87bff1-aba7-11ed-ba62-9f24bacbc83d,30,60,Views
6f87bff2-aba7-11ed-b817-9f24bacbc83d,30,155,Purchase
6f87bff3-aba7-11ed-a9ac-9f24bacbc83d,30,77,Views
6f87bff4-aba7-11ed-87d5-9f24bacbc83d,31,160,Cart
6f87bff5-aba7-11ed-b472-9f24bacbc83d,32,208,Views
6f87bff6-aba7-11ed-bfb7-9f24bacbc83d,32,191,Views
6f87bff7-aba7-11ed-8bc7-9f24bacbc83d,33,37,Purchase
6f87bff8-aba7-11ed-8329-9f24bacbc83d,33,22,Purchase
6f87bff9-aba7-11ed-a71e-9f24bacbc83d,33,138,Views
6f87bffa-aba7-11ed-ada9-9f24bacbc83d,33,57,Views
6f87bffb-aba7-11ed-a1a7-9f24bacbc83d,33,13,Views
6f87bffc-aba7-11ed-a569-9f24bacbc83d,33,26,Views
6f87bffd-aba7-11ed-815b-9f24bacbc83d,33,79,Cart
6f87bffe-aba7-11ed-b877-9f24bacbc83d,33,66,Views
6f87bfff-aba7-11ed-9972-9f24bacbc83d,33,176,Cart
6f87c000-aba7-11ed-8556-9f24bacbc83d,34,65,Cart
6f87c001-aba7-11ed-8e3d-9f24bacbc83d,34,181,Views
6f87c002-aba7-11ed-8fd6-9f24bacbc83d,34,132,Cart
6f87c003-aba7-11ed-88c8-9f24bacbc83d,34,59,Cart
6f87c004-aba7-11ed-b783-9f24bacbc83d,35,197,Cart
6f87c005-aba7-11ed-bdc7-9f24bacbc83d,35,50,Purchase
6f87c006-aba7-11ed-9fd4-9f24bacbc83d,35,66,Purchase
6f87c007-aba7-11ed-880e-9f24bacbc83d,35,198,Views
6f87c008-aba7-11ed-a1be-9f24bacbc83d,35,176,Views
6f87c009-aba7-11ed-9b24-9f24bacbc83d,35,139,Views
6f87c00a-aba7-11ed-a279-9f24bacbc83d,35,182,Purchase
6f87c00b-aba7-11ed-90b6-9f24bacbc83d,35,191,Cart
6f87c00c-aba7-11ed-a52f-9f24bacbc83d,35,51,Views
6f87c00d-aba7-11ed-873d-9f24bacbc83d,36,147,Purchase
6f87c00e-aba7-11ed-86f5-9f24bacbc83d,36,204,Purchase
6f87c00f-aba7-11ed-b5e3-9f24bacbc83d,36,50,Cart
6f87c010-aba7-11ed-bdbf-9f24bacbc83d,36,159,Cart
6f87c011-aba7-11ed-8921-9f24bacbc83d,36,135,Views
6f87c012-aba7-11ed-9605-9f24bacbc83d,36,10,Purchase
6f87c013-aba7-11ed-ab38-9f24bacbc83d,36,23,Purchase
6f87c014-aba7-11ed-93e6-9f24bacbc83d,36,185,Cart
6f87c015-aba7-11ed-8bcf-9f24bacbc83d,36,192,Views
6f87c016-aba7-11ed-b683-9f24bacbc83d,37,29,Cart
6f87c017-aba7-11ed-9ff6-9f24bacbc83d,37,87,Cart
6f87c018-aba7-11ed-81a0-9f24bacbc83d,37,58,Cart
6f87c019-aba7-11ed-a64c-9f24bacbc83d,37,209,Purchase
6f87c01a-aba7-11ed-a716-9f24bacbc83d,37,23,Views
6f87c01b-aba7-11ed-a1ce-9f24bacbc83d,37,184,Views
6f87c01c-aba7-11ed-a697-9f24bacbc83d,38,105,Cart
6f87c01d-aba7-11ed-8aa2-9f24bacbc83d,39,24,Purchase
6f87c01e-aba7-11ed-81db-9f24bacbc83d,39,143,Views
6f87c01f-aba7-11ed-9b09-9f24bacbc83d,39,182,Purchase
6f87c020-aba7-11ed-888c-9f24bacbc83d,39,196,Cart
6f87c021-aba7-11ed-a6a3-9f24bacbc83d,39,120,Views
6f87c022-aba7-11ed-97de-9f24bacbc83d,40,51,Purchase
6f87c023-aba7-11ed-be8d-9f24bacbc83d,40,68,Views
6f87c024-aba7-11ed-9ce2-9f24bacbc83d,41,155,Views
6f87c025-aba7-11ed-801d-9f24bacbc83d,41,68,Cart
6f87c026-aba7-11ed-88ae-9f24bacbc83d,41,155,Purchase
6f87c027-aba7-11ed-8241-9f24bacbc83d,42,107,Views
6f87c028-aba7-11ed-a0c1-9f24bacbc83d,42,173,Cart
6f87c029-aba7-11ed-998e-9f24bacbc83d,42,115,Cart
6f87c02a-aba7-11ed-8f77-9f24bacbc83d,42,206,Purchase
6f87c02b-aba7-11ed-9ca8-9f24bacbc83d,42,69,Cart
6f87c02c-aba7-11ed-b93f-9f24bacbc83d,42,167,Cart
6f87c02d-aba7-11ed-8803-9f24bacbc83d,42,176,Purchase
6f87c02e-aba7-11ed-9e57-9f24bacbc83d,43,149,Views
6f87c02f-aba7-11ed-9942-9f24bacbc83d,43,23,Purchase
6f87c030-aba7-11ed-b894-9f24bacbc83d,44,38,Purchase
6f87c031-aba7-11ed-8552-9f24bacbc83d,45,125,Cart
6f87c032-aba7-11ed-b163-9f24bacbc83d,45,113,Cart
6f87c033-aba7-11ed-bd10-9f24bacbc83d,45,63,Cart
6f87c034-aba7-11ed-8946-9f24bacbc83d,45,76,Purchase
6f87c035-aba7-11ed-a233-9f24bacbc83d,45,107,Purchase
6f87c036-aba7-11ed-971e-9f24bacbc83d,45,62,Cart
6f87c037-aba7-11ed-a271-9f24bacbc83d,45,197,Cart
6f87c038-aba7-11ed-9a8d-9f24bacbc83d,45,33,Views
6f87c039-aba7-11ed-bade-9f24bacbc83d,46,116,Purchase
6f87c03a-aba7-11ed-9c70-9f24bacbc83d,46,128,Cart
6f87c03b-aba7-11ed-9823-9f24bacbc83d,46,156,Views
6f87c03c-aba7-11ed-a4d0-9f24bacbc83d,46,115,Views
6f87c03d-aba7-11ed-81a4-9f24bacbc83d,46,52,Purchase
6f87c03e-aba7-11ed-929f-9f24bacbc83d,46,77,Views
6f87c03f-aba7-11ed-b71e-9f24bacbc83d,47,28,Views
6f87c040-aba7-11ed-907b-9f24bacbc83d,48,38,Views
6f87c041-aba7-11ed-bb02-9f24bacbc83d,48,103,Purchase
6f87c042-aba7-11ed-b812-9f24bacbc83d,48,75,Cart
6f87c043-aba7-11ed-8959-9f24bacbc83d,48,146,Cart
6f87c044-aba7-11ed-9fc2-9f24bacbc83d,49,17,Purchase
6f87c045-aba7-11ed-b9ce-9f24bacbc83d,49,176,Views
6f87c046-aba7-11ed-b2fd-9f24bacbc83d,49,69,Cart
6f87c047-aba7-11ed-964e-9f24bacbc83d,49,122,Purchase
6f87c048-aba7-11ed-8418-9f24bacbc83d,49,84,Views
6f87c049-aba7-11ed-9c78-9f24bacbc83d,49,42,Purchase
6f87c04a-aba7-11ed-921b-9f24bacbc83d,49,145,Purchase
6f87c04b-aba7-11ed-af19-9f24bacbc83d,49,108,Cart
6f87c04c-aba7-11ed-a16f-9f24bacbc83d,50,66,Cart
6f87c04d-aba7-11ed-b978-9f24bacbc83d,50,32,Views
6f87c04e-aba7-11ed-af51-9f24bacbc83d,50,171,Views
6f87c04f-aba7-11ed-8450-9f24bacbc83d,50,16,Purchase
6f87c050-aba7-11ed-bd5f-9f24bacbc83d,50,167,Views
6f87c051-aba7-11ed-927f-9f24bacbc83d,51,186,Cart
6f87c052-aba7-11ed-a740-9f24bacbc83d,51,102,Views
6f87c053-aba7-11ed-a74f-9f24bacbc83d,51,40,Views
6f87c054-aba7-11ed-b368-9f24bacbc83d,51,20,Cart
6f87c055-aba7-11ed-bed3-9f24bacbc83d,51,156,Views
6f87c056-aba7-11ed-9702-9f24bacbc83d,52,194,Cart
6f87c057-aba7-11ed-a642-9f24bacbc83d,52,164,Purchase
6f87c058-aba7-11ed-b72b-9f24bacbc83d,52,5,Purchase
6f87c059-aba7-11ed-86b0-9f24bacbc83d,52,149,Cart
6f87c05a-aba7-11ed-8c00-9f24bacbc83d,52,128,Cart
6f87c05b-aba7-11ed-9aa9-9f24bacbc83d,53,109,Purchase
6f87c05c-aba7-11ed-905c-9f24bacbc83d,53,27,Views
6f87c05d-aba7-11ed-bfc5-9f24bacbc83d,53,183,Cart
6f87c05e-aba7-11ed-a5ff-9f24bacbc83d,53,182,Purchase
6f87c05f-aba7-11ed-b9c5-9f24bacbc83d,53,26,Views
6f87c060-aba7-11ed-ba53-9f24bacbc83d,53,203,Cart
6f87c061-aba7-11ed-8637-9f24bacbc83d,54,177,Purchase
6f87c062-aba7-11ed-b6f6-9f24bacbc83d,54,198,Views
6f87c063-aba7-11ed-8c68-9f24bacbc83d,54,78,Views
6f87c064-aba7-11ed-a0ac-9f24bacbc83d,54,154,Cart
6f87c065-aba7-11ed-9f5d-9f24bacbc83d,54,146,Views
6f87c066-aba7-11ed-9781-9f24bacbc83d,54,158,Purchase
6f87c067-aba7-11ed-9267-9f24bacbc83d,55,173,Views
6f87c068-aba7-11ed-ad36-9f24bacbc83d,55,110,Cart
6f87c069-aba7-11ed-b11f-9f24bacbc83d,55,124,Purchase
6f87c06a-aba7-11ed-bd39-9f24bacbc83d,56,173,Cart
6f87c06b-aba7-11ed-b84d-9f24bacbc83d,56,77,Purchase
6f87c06c-aba7-11ed-8432-9f24bacbc83d,56,6,Views
6f87c06d-aba7-11ed-9bde-9f24bacbc83d,56,81,Purchase
6f87c06e-aba7-11ed-a7bc-9f24bacbc83d,56,19,Views
6f87c06f-aba7-11ed-8bc1-9f24bacbc83d,57,64,Views
6f87c070-aba7-11ed-bea8-9f24bacbc83d,57,95,Cart
6f87c071-aba7-11ed-90c1-9f24bacbc83d,57,90,Purchase
6f87c072-aba7-11ed-829c-9f24bacbc83d,57,51,Cart
6f87c073-aba7-11ed-a433-9f24bacbc83d,57,58,Purchase
6f87c074-aba7-11ed-96ce-9f24bacbc83d,57,111,Cart
6f87c075-aba7-11ed-9170-9f24bacbc83d,57,123,Purchase
6f87c076-aba7-11ed-b221-9f24bacbc83d,57,187,Views
6f87c077-aba7-11ed-8b9a-9f24bacbc83d,57,184,Views
6f87c078-aba7-11ed-b921-9f24bacbc83d,58,146,Cart
6f87c079-aba7-11ed-8ec5-9f24bacbc83d,58,16,Purchase
6f87c07a-aba7-11ed-8a5f-9f24bacbc83d,59,208,Cart
6f87c07b-aba7-11ed-a2d5-9f24bacbc83d,60,183,Purchase
6f87c07c-aba7-11ed-836b-9f24bacbc83d,60,161,Cart
6f87c07d-aba7-11ed-b0b1-9f24bacbc83d,60,122,Views
6f87c07e-aba7-11ed-825e-9f24bacbc83d,60,168,Purchase
6f87c07f-aba7-11ed-8c06-9f24bacbc83d,60,205,Purchase
6f87c080-aba7-11ed-841b-9f24bacbc83d,60,155,Views
6f87c081-aba7-11ed-924a-9f24bacbc83d,60,9,Views
6f87c082-aba7-11ed-835e-9f24bacbc83d,60,175,Views
6f87c083-aba7-11ed-a305-9f24bacbc83d,60,100,Cart
6f87c084-aba7-11ed-aaab-9f24bacbc83d,61,52,Cart
6f87c085-aba7-11ed-893b-9f24bacbc83d,62,203,Purchase
6f87c086-aba7-11ed-b213-9f24bacbc83d,62,27,Purchase
6f87c087-aba7-11ed-b64d-9f24bacbc83d,62,158,Cart
6f87c088-aba7-11ed-8efb-9f24bacbc83d,62,113,Purchase
6f87c089-aba7-11ed-93b8-9f24bacbc83d,62,127,Cart
6f87c08a-aba7-11ed-a2dd-9f24bacbc83d,62,3,Cart
6f87c08b-aba7-11ed-95d0-9f24bacbc83d,63,164,Purchase
6f87c08c-aba7-11ed-afb1-9f24bacbc83d,63,152,Cart
6f87c08d-aba7-11ed-8e0c-9f24bacbc83d,63,72,Purchase
6f87c08e-aba7-11ed-91d7-9f24bacbc83d,64,35,Cart
6f87c08f-aba7-11ed-ba80-9f24bacbc83d,64,169,Views
6f87c090-aba7-11ed-ba64-9f24bacbc83d,64,114,Cart
6f87c091-aba7-11ed-bfad-9f24bacbc83d,64,16,Cart
6f87c092-aba7-11ed-ae9c-9f24bacbc83d,64,89,Cart
6f87c093-aba7-11ed-877d-9f24bacbc83d,64,71,Purchase
6f87c094-aba7-11ed-8bfa-9f24bacbc83d,64,120,Cart
6f87c095-aba7-11ed-a7bb-9f24bacbc83d,64,7,Purchase
6f87c096-aba7-11ed-ab64-9f24bacbc83d,65,183,Views
6f87c097-aba7-11ed-aaed-9f24bacbc83d,66,135,Purchase
6f87c098-aba7-11ed-8a9d-9f24bacbc83d,66,60,Views
6f87c099-aba7-11ed-bbe8-9f24bacbc83d,66,74,Cart
6f87c09a-aba7-11ed-adc8-9f24bacbc83d,66,78,Views
6f87c09b-aba7-11ed-af69-9f24bacbc83d,66,20,Views
6f87c09c-aba7-11ed-ad2e-9f24bacbc83d,66,126,Purchase
6f87c09d-aba7-11ed-9961-9f24bacbc83d,66,126,Views
6f87c09e-aba7-11ed-86cb-9f24bacbc83d,66,182,Views
6f87c09f-aba7-11ed-8f8a-9f24bacbc83d,67,75,Views
6f87c0a0-aba7-11ed-902e-9f24bacbc83d,67,26,Views
6f87c0a1-aba7-11ed-a558-9f24bacbc83d,67,178,Purchase
6f87c0a2-aba7-11ed-87c7-9f24bacbc83d,67,191,Purchase
6f87c0a3-aba7-11ed-9c5c-9f24bacbc83d,67,24,Purchase
6f87c0a4-aba7-11ed-9d9c-9f24bacbc83d,67,68,Views
6f87c0a5-aba7-11ed-a89b-9f24bacbc83d,67,200,Cart
6f87c0a6-aba7-11ed-8b8b-9f24bacbc83d,67,111,Purchase
6f87c0a7-aba7-11ed-aef8-9f24bacbc83d,68,106,Cart
6f87c0a8-aba7-11ed-b2e7-9f24bacbc83d,68,6,Cart
6f87c0a9-aba7-11ed-88da-9f24bacbc83d,68,184,Purchase
6f87c0aa-aba7-11ed-85e8-9f24bacbc83d,68,82,Cart
6f87c0ab-aba7-11ed-9ef2-9f24bacbc83d,68,192,Cart
6f87c0ac-aba7-11ed-8dce-9f24bacbc83d,68,26,Views
6f87c0ad-aba7-11ed-aee2-9f24bacbc83d,68,11,Cart
6f87c0ae-aba7-11ed-aecb-9f24bacbc83d,68,191,Purchase
6f87c0af-aba7-11ed-b8a2-9f24bacbc83d,69,88,Views
6f87c0b0-aba7-11ed-8336-9f24bacbc83d,69,14,Views
6f87c0b1-aba7-11ed-a5f4-9f24bacbc83d,70,191,Cart
6f87c0b2-aba7-11ed-a87f-9f24bacbc83d,70,200,Cart
6f87c0b3-aba7-11ed-966d-9f24bacbc83d,70,140,Cart
6f87c0b4-aba7-11ed-b3fb-9f24bacbc83d,71,50,Cart
6f87c0b5-aba7-11ed-8061-9f24bacbc83d,71,171,Cart
6f87c0b6-aba7-11ed-8c64-9f24bacbc83d,71,94,Purchase
6f87c0b7-aba7-11ed-b294-9f24bacbc83d,71,81,Purchase
6f87c0b8-aba7-11ed-8d01-9f24bacbc83d,71,176,Views
6f87c0b9-aba7-11ed-8cec-9f24bacbc83d,71,87,Purchase
6f87c0ba-aba7-11ed-a019-9f24bacbc83d,71,175,Cart
6f87c0bb-aba7-11ed-abd8-9f24bacbc83d,71,29,Purchase
6f87c0bc-aba7-11ed-a812-9f24bacbc83d,71,144,Views
6f87c0bd-aba7-11ed-bca3-9f24bacbc83d,72,192,Views
6f87c0be-aba7-11ed-a85b-9f24bacbc83d,72,159,Views
6f87c0bf-aba7-11ed-8d9b-9f24bacbc83d,72,98,Purchase
6f87c0c0-aba7-11ed-9119-9f24bacbc83d,73,92,Cart
6f87c0c1-aba7-11ed-ac17-9f24bacbc83d,74,30,Purchase
6f87c0c2-aba7-11ed-b3b5-9f24bacbc83d,75,161,Purchase
6f87c0c3-aba7-11ed-a166-9f24bacbc83d,75,152,Purchase
6f87c0c4-aba7-11ed-b75f-9f24bacbc83d,75,13,Cart
6f87c0c5-aba7-11ed-ace3-9f24bacbc83d,75,171,Purchase
6f87c0c6-aba7-11ed-b876-9f24bacbc83d,75,64,Cart
6f87c0c7-aba7-11ed-aa93-9f24bacbc83d,75,86,Cart
6f87c0c8-aba7-11ed-a9f7-9f24bacbc83d,75,59,Purchase
6f87c0c9-aba7-11ed-b898-9f24bacbc83d,75,143,Cart
6f87c0ca-aba7-11ed-9e2d-9f24bacbc83d,76,5,Cart
6f87c0cb-aba7-11ed-96f8-9f24bacbc83d,76,181,Cart
6f87c0cc-aba7-11ed-94da-9f24bacbc83d,76,189,Purchase
6f87c0cd-aba7-11ed-96eb-9f24bacbc83d,76,113,Cart
6f87c0ce-aba7-11ed-8604-9f24bacbc83d,76,166,Views
6f87c0cf-aba7-11ed-9617-9f24bacbc83d,76,150,Purchase
6f87c0d0-aba7-11ed-85eb-9f24bacbc83d,77,176,Purchase
6f87c0d1-aba7-11ed-afa9-9f24bacbc83d,77,94,Purchase
6f87c0d2-aba7-11ed-b72e-9f24bacbc83d,77,16,Purchase
6f87c0d3-aba7-11ed-8935-9f24bacbc83d,77,198,Cart
6f87c0d4-aba7-11ed-96b8-9f24bacbc83d,77,195,Cart
6f87c0d5-aba7-11ed-8e05-9f24bacbc83d,77,190,Cart
6f87c0d6-aba7-11ed-bcb6-9f24bacbc83d,77,1,Purchase
6f87c0d7-aba7-11ed-be51-9f24bacbc83d,78,38,Cart
6f87c0d8-aba7-11ed-b94f-9f24bacbc83d,78,45,Views
6f87c0d9-aba7-11ed-91b1-9f24bacbc83d,78,63,Cart
6f87c0da-aba7-11ed-b1a1-9f24bacbc83d,78,164,Purchase
6f87c0db-aba7-11ed-accf-9f24bacbc83d,79,74,Purchase
6f87c0dc-aba7-11ed-b9f0-9f24bacbc83d,79,104,Views
6f87c0dd-aba7-11ed-ad91-9f24bacbc83d,79,181,Purchase
6f87c0de-aba7-11ed-aa3f-9f24bacbc83d,79,27,Purchase
6f87c0df-aba7-11ed-a0bf-9f24bacbc83d,79,48,Views
6f87c0e0-aba7-11ed-a370-9f24bacbc83d,79,33,Views
6f87c0e1-aba7-11ed-8035-9f24bacbc83d,79,99,Purchase
6f87c0e2-aba7-11ed-8b74-9f24bacbc83d,80,8,Cart
6f87c0e3-aba7-11ed-bd58-9f24bacbc83d,80,126,Views
6f87c0e4-aba7-11ed-b73c-9f24bacbc83d,80,57,Cart
6f87c0e5-aba7-11ed-9ef6-9f24bacbc83d,80,113,Purchase
6f87c0e6-aba7-11ed-b7c9-9f24bacbc83d,80,156,Cart
6f87c0e7-aba7-11ed-8f8c-9f24bacbc83d,80,97,Cart
6f87c0e8-aba7-11ed-8175-9f24bacbc83d,80,141,Views
6f87c0e9-aba7-11ed-b5f3-9f24bacbc83d,80,156,Views
6f87c0ea-aba7-11ed-a570-9f24bacbc83d,81,166,Views
6f87c0eb-aba7-11ed-af82-9f24bacbc83d,81,116,Views
6f87c0ec-aba7-11ed-b683-9f24bacbc83d,81,132,Views
6f87c0ed-aba7-11ed-8d36-9f24bacbc83d,81,63,Views
6f87c0ee-aba7-11ed-9750-9f24bacbc83d,81,171,Purchase
6f87c0ef-aba7-11ed-a069-9f24bacbc83d,81,111,Purchase
6f87c0f0-aba7-11ed-98fa-9f24bacbc83d,81,60,Purchase
6f87c0f1-aba7-11ed-bd4d-9f24bacbc83d,81,136,Cart
6f87c0f2-aba7-11ed-8a28-9f24bacbc83d,81,163,Purchase
6f87c0f3-aba7-11ed-a57d-9f24bacbc83d,82,154,Purchase
6f87c0f4-aba7-11ed-9695-9f24bacbc83d,82,121,Purchase
6f87c0f5-aba7-11ed-bcaf-9f24bacbc83d,82,165,Views
6f87c0f6-aba7-11ed-b9ec-9f24bacbc83d,82,24,Cart
6f87c0f7-aba7-11ed-b6a1-9f24bacbc83d,83,196,Purchase
6f87c0f8-aba7-11ed-8a8f-9f24bacbc83d,83,148,Views
6f87c0f9-aba7-11ed-8c15-9f24bacbc83d,84,192,Cart
6f87c0fa-aba7-11ed-8b43-9f24bacbc83d,84,85,Cart
6f87c0fb-aba7-11ed-8618-9f24bacbc83d,84,119,Cart
6f87c0fc-aba7-11ed-ac05-9f24bacbc83d,84,19,Cart
6f87c0fd-aba7-11ed-9203-9f24bacbc83d,84,105,Purchase
6f87c0fe-aba7-11ed-a665-9f24bacbc83d,84,86,Views
6f87c0ff-aba7-11ed-9ffd-9f24bacbc83d,84,144,Purchase
6f87c100-aba7-11ed-8951-9f24bacbc83d,84,201,Cart
6f87c101-aba7-11ed-86de-9f24bacbc83d,84,149,Cart
6f87c102-aba7-11ed-816d-9f24bacbc83d,85,197,Purchase
6f87c103-aba7-11ed-9b5b-9f24bacbc83d,85,60,Purchase
6f87c104-aba7-11ed-a69c-9f24bacbc83d,86,196,Views
6f87c105-aba7-11ed-8acc-9f24bacbc83d,86,205,Cart
6f87c106-aba7-11ed-82fa-9f24bacbc83d,86,102,Views
6f87c107-aba7-11ed-98db-9f24bacbc83d,86,160,Views
6f87c108-aba7-11ed-95a1-9f24bacbc83d,86,93,Views
6f87c109-aba7-11ed-a5d0-9f24bacbc83d,86,173,Cart
6f87c10a-aba7-11ed-b022-9f24bacbc83d,87,153,Cart
6f87c10b-aba7-11ed-a82e-9f24bacbc83d,88,196,Views
6f87c10c-aba7-11ed-ab1f-9f24bacbc83d,88,36,Views
6f87c10d-aba7-11ed-a8c1-9f24bacbc83d,88,203,Purchase
6f87c10e-aba7-11ed-90ef-9f24bacbc83d,89,113,Cart
6f87c10f-aba7-11ed-af65-9f24bacbc83d,89,31,Views
6f87c110-aba7-11ed-b1ef-9f24bacbc83d,89,190,Purchase
6f87c111-aba7-11ed-bcad-9f24bacbc83d,89,82,Cart
6f87c112-aba7-11ed-8ab6-9f24bacbc83d,89,1,Views
6f87c113-aba7-11ed-81fe-9f24bacbc83d,89,117,Views
6f87c114-aba7-11ed-b52c-9f24bacbc83d,90,39,Cart
6f87c115-aba7-11ed-bb58-9f24bacbc83d,90,76,Views
6f87c116-aba7-11ed-8783-9f24bacbc83d,90,64,Cart
6f87c117-aba7-11ed-9d76-9f24bacbc83d,90,188,Purchase
6f87c118-aba7-11ed-9ba6-9f24bacbc83d,90,174,Purchase
6f87c119-aba7-11ed-8680-9f24bacbc83d,90,169,Cart
6f87c11a-aba7-11ed-8e36-9f24bacbc83d,90,31,Views
6f87c11b-aba7-11ed-8f24-9f24bacbc83d,91,59,Views
6f87c11c-aba7-11ed-90c9-9f24bacbc83d,91,113,Views
6f87c11d-aba7-11ed-a5bf-9f24bacbc83d,91,109,Views
6f87c11e-aba7-11ed-a6ef-9f24bacbc83d,91,187,Purchase
6f87c11f-aba7-11ed-8d4c-9f24bacbc83d,91,170,Purchase
6f87c120-aba7-11ed-b92e-9f24bacbc83d,91,119,Views
6f87c121-aba7-11ed-8695-9f24bacbc83d,91,72,Views
6f87c122-aba7-11ed-a3da-9f24bacbc83d,92,129,Cart
6f87c123-aba7-11ed-b81f-9f24bacbc83d,92,134,Purchase
6f87c124-aba7-11ed-b86c-9f24bacbc83d,92,55,Cart
6f87c125-aba7-11ed-88e0-9f24bacbc83d,92,30,Views
6f87c126-aba7-11ed-9236-9f24bacbc83d,92,105,Cart
6f87c127-aba7-11ed-8c90-9f24bacbc83d,92,87,Views
6f87c128-aba7-11ed-be0c-9f24bacbc83d,92,140,Views
6f87c129-aba7-11ed-b926-9f24bacbc83d,92,72,Views
6f87c12a-aba7-11ed-b185-9f24bacbc83d,93,164,Cart
6f87c12b-aba7-11ed-90b0-9f24bacbc83d,93,196,Views
6f87c12c-aba7-11ed-8428-9f24bacbc83d,93,8,Cart
6f87c12d-aba7-11ed-9bf2-9f24bacbc83d,93,196,Cart
6f87c12e-aba7-11ed-a908-9f24bacbc83d,93,201,Cart
6f87c12f-aba7-11ed-8afe-9f24bacbc83d,94,148,Cart
6f87c130-aba7-11ed-9ff5-9f24bacbc83d,94,105,Views
6f87c131-aba7-11ed-971b-9f24bacbc83d,94,204,Views
6f87c132-aba7-11ed-a534-9f24bacbc83d,94,53,Cart
6f87c133-aba7-11ed-ab9c-9f24bacbc83d,94,206,Purchase
6f87c134-aba7-11ed-8ce4-9f24bacbc83d,94,203,Cart
6f87c135-aba7-11ed-96c0-9f24bacbc83d,94,190,Views
6f87c136-aba7-11ed-a15f-9f24bacbc83d,94,87,Cart
6f87c137-aba7-11ed-9427-9f24bacbc83d,94,187,Views
6f87c138-aba7-11ed-862b-9f24bacbc83d,95,95,Cart
6f87c139-aba7-11ed-b4bf-9f24bacbc83d,95,46,Cart
6f87c13a-aba7-11ed-a32b-9f24bacbc83d,95,124,Purchase
6f87c13b-aba7-11ed-abeb-9f24bacbc83d,95,196,Views
6f87c13c-aba7-11ed-95b0-9f24bacbc83d,96,208,Cart
6f87c13d-aba7-11ed-b12d-9f24bacbc83d,96,190,Purchase
6f87c13e-aba7-11ed-9e58-9f24bacbc83d,96,101,Views
6f87c13f-aba7-11ed-86bf-9f24bacbc83d,96,203,Views
6f87c140-aba7-11ed-a2d3-9f24bacbc83d,96,168,Cart
6f87c141-aba7-11ed-a0e6-9f24bacbc83d,97,200,Cart
6f87c142-aba7-11ed-a145-9f24bacbc83d,97,28,Views
6f87c143-aba7-11ed-b56d-9f24bacbc83d,98,112,Views
6f87c144-aba7-11ed-be7a-9f24bacbc83d,98,98,Views
6f87c145-aba7-11ed-b831-9f24bacbc83d,99,97,Views
6f87c146-aba7-11ed-bcd0-9f24bacbc83d,100,36,Views
6f87c147-aba7-11ed-a2a6-9f24bacbc83d,100,187,Purchase
6f87c148-aba7-11ed-bf68-9f24bacbc83d,100,19,Purchase
6f87c149-aba7-11ed-ae40-9f24bacbc83d,100,119,Purchase
6f87c14a-aba7-11ed-96ab-9f24bacbc83d,100,87,Views
6f87c14b-aba7-11ed-bde8-9f24bacbc83d,100,19,Views
6f87c14c-aba7-11ed-9e1a-9f24bacbc83d,100,5,Cart
6f87c14d-aba7-11ed-989e-9f24bacbc83d,100,166,Cart
6f87c14e-aba7-11ed-aadf-9f24bacbc83d,101,40,Purchase
6f87c14f-aba7-11ed-ab13-9f24bacbc83d,101,206,Cart
6f87c150-aba7-11ed-a2b0-9f24bacbc83d,101,189,Views
6f87c151-aba7-11ed-9104-9f24bacbc83d,101,201,Views
6f87c152-aba7-11ed-9f71-9f24bacbc83d,101,89,Cart
6f87c153-aba7-11ed-adf8-9f24bacbc83d,101,91,Purchase
6f87c154-aba7-11ed-a058-9f24bacbc83d,101,116,Cart
6f87c155-aba7-11ed-8b8d-9f24bacbc83d,102,125,Cart
6f87c156-aba7-11ed-be57-9f24bacbc83d,102,200,Purchase
6f87c157-aba7-11ed-a032-9f24bacbc83d,102,73,Purchase
6f87c158-aba7-11ed-a7ea-9f24bacbc83d,102,110,Purchase
6f87c159-aba7-11ed-a5f5-9f24bacbc83d,102,116,Views
6f87c15a-aba7-11ed-8d35-9f24bacbc83d,103,56,Purchase
6f87c15b-aba7-11ed-a3f9-9f24bacbc83d,104,150,Purchase
6f87c15c-aba7-11ed-a169-9f24bacbc83d,104,26,Views
6f87c15d-aba7-11ed-a4f5-9f24bacbc83d,104,202,Cart
6f87c15e-aba7-11ed-8f24-9f24bacbc83d,105,183,Purchase
6f87c15f-aba7-11ed-a24b-9f24bacbc83d,105,76,Views
6f87c160-aba7-11ed-bac9-9f24bacbc83d,105,47,Views
6f87c161-aba7-11ed-bd11-9f24bacbc83d,105,67,Purchase
6f87c162-aba7-11ed-81ce-9f24bacbc83d,105,77,Views
6f87c163-aba7-11ed-b438-9f24bacbc83d,105,74,Cart
6f87c164-aba7-11ed-9bfb-9f24bacbc83d,105,26,Purchase
6f87c165-aba7-11ed-b911-9f24bacbc83d,106,98,Cart
6f87c166-aba7-11ed-bd72-9f24bacbc83d,106,206,Views
6f87c167-aba7-11ed-8723-9f24bacbc83d,107,79,Purchase
6f87c168-aba7-11ed-9c7b-9f24bacbc83d,107,130,Purchase
6f87c169-aba7-11ed-ae08-9f24bacbc83d,107,149,Purchase
6f87c16a-aba7-11ed-92f6-9f24bacbc83d,107,102,Cart
6f87c16b-aba7-11ed-b09c-9f24bacbc83d,107,200,Purchase
6f87c16c-aba7-11ed-b56d-9f24bacbc83d,107,53,Cart
6f87c16d-aba7-11ed-bf8a-9f24bacbc83d,107,76,Cart
6f87c16e-aba7-11ed-9bee-9f24bacbc83d,107,78,Cart
6f87c16f-aba7-11ed-980f-9f24bacbc83d,107,10,Purchase
6f87c170-aba7-11ed-9267-9f24bacbc83d,108,10,Views
6f87c171-aba7-11ed-9044-9f24bacbc83d,108,26,Cart
6f87c172-aba7-11ed-8ce0-9f24bacbc83d,109,86,Cart
6f87c173-aba7-11ed-b20a-9f24bacbc83d,109,188,Cart
6f87c174-aba7-11ed-ba99-9f24bacbc83d,109,71,Cart
6f87c175-aba7-11ed-b2c6-9f24bacbc83d,110,182,Cart
6f87c176-aba7-11ed-b130-9f24bacbc83d,110,166,Purchase
6f87c177-aba7-11ed-a00c-9f24bacbc83d,110,78,Purchase
6f87c178-aba7-11ed-ba13-9f24bacbc83d,110,1,Purchase
6f87c179-aba7-11ed-838d-9f24bacbc83d,110,132,Purchase
6f87c17a-aba7-11ed-82a8-9f24bacbc83d,111,151,Cart
6f87c17b-aba7-11ed-89d6-9f24bacbc83d,111,158,Cart
6f87c17c-aba7-11ed-b630-9f24bacbc83d,111,125,Views
6f87c17d-aba7-11ed-81e5-9f24bacbc83d,111,172,Purchase
6f87c17e-aba7-11ed-8225-9f24bacbc83d,111,48,Cart
6f87c17f-aba7-11ed-86bf-9f24bacbc83d,111,140,Purchase
6f87c180-aba7-11ed-b3ea-9f24bacbc83d,111,37,Purchase
6f87c181-aba7-11ed-b119-9f24bacbc83d,112,42,Views
6f87c182-aba7-11ed-8881-9f24bacbc83d,112,171,Views
6f87c183-aba7-11ed-bae0-9f24bacbc83d,112,72,Views
6f87c184-aba7-11ed-bc4a-9f24bacbc83d,112,162,Purchase
6f87c185-aba7-11ed-b29e-9f24bacbc83d,112,171,Views
6f87c186-aba7-11ed-9e7a-9f24bacbc83d,112,173,Views
6f87c187-aba7-11ed-b464-9f24bacbc83d,112,61,Cart
6f87c188-aba7-11ed-8bea-9f24bacbc83d,113,204,Cart
6f87c189-aba7-11ed-936d-9f24bacbc83d,113,160,Views
6f87c18a-aba7-11ed-a8d0-9f24bacbc83d,113,123,Views
6f87c18b-aba7-11ed-85a7-9f24bacbc83d,113,172,Cart
6f87c18c-aba7-11ed-9e8d-9f24bacbc83d,113,148,Views
6f87c18d-aba7-11ed-90af-9f24bacbc83d,113,162,Cart
6f87c18e-aba7-11ed-adf4-9f24bacbc83d,114,154,Views
6f87c18f-aba7-11ed-8e43-9f24bacbc83d,114,38,Views
6f87c190-aba7-11ed-9322-9f24bacbc83d,114,155,Cart
6f87c191-aba7-11ed-96c1-9f24bacbc83d,114,17,Cart
6f87c192-aba7-11ed-baf1-9f24bacbc83d,114,45,Purchase
6f87c193-aba7-11ed-9500-9f24bacbc83d,114,157,Views
6f87c194-aba7-11ed-a4ec-9f24bacbc83d,115,159,Purchase
6f87c195-aba7-11ed-91e3-9f24bacbc83d,115,39,Purchase
6f87c196-aba7-11ed-92b6-9f24bacbc83d,115,107,Cart
6f87c197-aba7-11ed-9d4c-9f24bacbc83d,116,173,Purchase
6f87c198-aba7-11ed-a12c-9f24bacbc83d,117,8,Cart
6f87c199-aba7-11ed-9dc3-9f24bacbc83d,117,159,Cart
6f87c19a-aba7-11ed-9f3b-9f24bacbc83d,117,128,Cart
6f87c19b-aba7-11ed-864f-9f24bacbc83d,117,157,Views
6f87c19c-aba7-11ed-9fe2-9f24bacbc83d,118,161,Purchase
6f87c19d-aba7-11ed-bc05-9f24bacbc83d,119,78,Cart
6f87c19e-aba7-11ed-853a-9f24bacbc83d,119,20,Purchase
6f87c19f-aba7-11ed-9e7a-9f24bacbc83d,119,87,Purchase
6f87c1a0-aba7-11ed-8f1d-9f24bacbc83d,119,135,Views
6f87c1a1-aba7-11ed-b9af-9f24bacbc83d,119,151,Views
6f87c1a2-aba7-11ed-90c2-9f24bacbc83d,119,194,Views
6f87c1a3-aba7-11ed-837c-9f24bacbc83d,119,60,Purchase
6f87c1a4-aba7-11ed-854d-9f24bacbc83d,119,174,Purchase
6f87c1a5-aba7-11ed-983e-9f24bacbc83d,119,82,Purchase
6f87c1a6-aba7-11ed-bef3-9f24bacbc83d,120,46,Purchase
6f87c1a7-aba7-11ed-addc-9f24bacbc83d,120,67,Views
6f87c1a8-aba7-11ed-b34b-9f24bacbc83d,120,106,Views
6f87c1a9-aba7-11ed-ab47-9f24bacbc83d,120,205,Purchase
6f87c1aa-aba7-11ed-b25d-9f24bacbc83d,120,185,Cart
6f87c1ab-aba7-11ed-8518-9f24bacbc83d,120,4,Views
6f87c1ac-aba7-11ed-8891-9f24bacbc83d,120,93,Cart
6f87c1ad-aba7-11ed-932a-9f24bacbc83d,121,204,Views
6f87c1ae-aba7-11ed-ab3a-9f24bacbc83d,121,45,Purchase
6f87c1af-aba7-11ed-82b4-9f24bacbc83d,122,177,Views
6f87c1b0-aba7-11ed-9d58-9f24bacbc83d,122,135,Views
6f87c1b1-aba7-11ed-ad7c-9f24bacbc83d,122,76,Cart
6f87c1b2-aba7-11ed-a6ba-9f24bacbc83d,122,136,Cart
6f87c1b3-aba7-11ed-80f4-9f24bacbc83d,122,34,Cart
6f87c1b4-aba7-11ed-a64a-9f24bacbc83d,122,20,Purchase
6f87c1b5-aba7-11ed-a5dd-9f24bacbc83d,122,174,Purchase
6f87c1b6-aba7-11ed-9ad6-9f24bacbc83d,122,128,Cart
6f87c1b7-aba7-11ed-aef9-9f24bacbc83d,123,179,Views
6f87c1b8-aba7-11ed-8cdb-9f24bacbc83d,123,173,Purchase
6f87c1b9-aba7-11ed-9a84-9f24bacbc83d,123,17,Views
6f87c1ba-aba7-11ed-a8e5-9f24bacbc83d,123,78,Cart
6f87c1bb-aba7-11ed-9238-9f24bacbc83d,123,208,Purchase
6f87c1bc-aba7-11ed-94aa-9f24bacbc83d,123,159,Cart
6f87c1bd-aba7-11ed-a8b6-9f24bacbc83d,124,37,Cart
6f87c1be-aba7-11ed-8b0a-9f24bacbc83d,124,129,Cart
6f87c1bf-aba7-11ed-adde-9f24bacbc83d,124,147,Cart
6f87c1c0-aba7-11ed-b606-9f24bacbc83d,124,132,Cart
6f87c1c1-aba7-11ed-95fd-9f24bacbc83d,124,112,Purchase
6f87c1c2-aba7-11ed-8051-9f24bacbc83d,124,163,Cart
6f87c1c3-aba7-11ed-a55c-9f24bacbc83d,124,167,Views
6f87c1c4-aba7-11ed-aaa8-9f24bacbc83d,124,56,Cart
6f87c1c5-aba7-11ed-b75a-9f24bacbc83d,124,152,Cart
6f87c1c6-aba7-11ed-a836-9f24bacbc83d,125,67,Purchase
6f87c1c7-aba7-11ed-98b3-9f24bacbc83d,125,184,Views
6f87c1c8-aba7-11ed-aacb-9f24bacbc83d,125,10,Cart
6f87c1c9-aba7-11ed-a974-9f24bacbc83d,126,12,Views
6f87c1ca-aba7-11ed-9f0c-9f24bacbc83d,126,43,Cart
6f87c1cb-aba7-11ed-b109-9f24bacbc83d,126,135,Views
6f87c1cc-aba7-11ed-9aff-9f24bacbc83d,126,5,Cart
6f87c1cd-aba7-11ed-b5ec-9f24bacbc83d,126,80,Views
6f87c1ce-aba7-11ed-89f5-9f24bacbc83d,126,179,Purchase
6f87c1cf-aba7-11ed-93c2-9f24bacbc83d,126,180,Purchase
6f87c1d0-aba7-11ed-8611-9f24bacbc83d,127,157,Purchase
6f87c1d1-aba7-11ed-906b-9f24bacbc83d,127,136,Purchase
6f87c1d2-aba7-11ed-b233-9f24bacbc83d,127,137,Purchase
6f87c1d3-aba7-11ed-9169-9f24bacbc83d,127,180,Views
6f87c1d4-aba7-11ed-959a-9f24bacbc83d,128,177,Purchase
6f87c1d5-aba7-11ed-9454-9f24bacbc83d,128,170,Cart
6f87c1d6-aba7-11ed-8a47-9f24bacbc83d,128,198,Views
6f87c1d7-aba7-11ed-b127-9f24bacbc83d,128,196,Purchase
6f87c1d8-aba7-11ed-892f-9f24bacbc83d,129,26,Purchase
6f87c1d9-aba7-11ed-9722-9f24bacbc83d,129,19,Cart
6f87c1da-aba7-11ed-9ea0-9f24bacbc83d,129,59,Views
6f87c1db-aba7-11ed-9e6e-9f24bacbc83d,129,97,Purchase
6f87c1dc-aba7-11ed-b042-9f24bacbc83d,130,59,Purchase
6f87c1dd-aba7-11ed-a41a-9f24bacbc83d,130,133,Purchase
6f87c1de-aba7-11ed-a736-9f24bacbc83d,130,38,Cart
6f87c1df-aba7-11ed-9253-9f24bacbc83d,131,155,Cart
6f87c1e0-aba7-11ed-a428-9f24bacbc83d,131,8,Purchase
6f87c1e1-aba7-11ed-8b55-9f24bacbc83d,132,56,Purchase
6f87c1e2-aba7-11ed-9ab1-9f24bacbc83d,132,67,Purchase
6f87c1e3-aba7-11ed-b2db-9f24bacbc83d,132,184,Views
6f87c1e4-aba7-11ed-b3a2-9f24bacbc83d,132,173,Cart
6f87c1e5-aba7-11ed-809f-9f24bacbc83d,132,93,Views
6f87c1e6-aba7-11ed-b721-9f24bacbc83d,133,137,Views
6f87c1e7-aba7-11ed-9dbc-9f24bacbc83d,133,84,Cart
6f87c1e8-aba7-11ed-bb41-9f24bacbc83d,133,129,Cart
6f87c1e9-aba7-11ed-94bf-9f24bacbc83d,133,61,Purchase
6f87c1ea-aba7-11ed-9bae-9f24bacbc83d,133,18,Views
6f87c1eb-aba7-11ed-bd97-9f24bacbc83d,133,39,Views
6f87c1ec-aba7-11ed-8aec-9f24bacbc83d,133,30,Purchase
6f87c1ed-aba7-11ed-870f-9f24bacbc83d,134,77,Views
6f87c1ee-aba7-11ed-9bd5-9f24bacbc83d,134,66,Cart
6f87c1ef-aba7-11ed-b57e-9f24bacbc83d,134,46,Cart
6f87c1f0-aba7-11ed-9057-9f24bacbc83d,134,79,Purchase
6f87c1f1-aba7-11ed-800b-9f24bacbc83d,134,55,Cart
6f87c1f2-aba7-11ed-b6c6-9f24bacbc83d,134,68,Cart
6f87c1f3-aba7-11ed-8ce7-9f24bacbc83d,134,13,Cart
6f87c1f4-aba7-11ed-b567-9f24bacbc83d,134,5,Cart
6f87c1f5-aba7-11ed-b9a7-9f24bacbc83d,135,57,Views
6f87c1f6-aba7-11ed-80b8-9f24bacbc83d,135,31,Cart
6f87c1f7-aba7-11ed-b429-9f24bacbc83d,135,109,Cart
6f87c1f8-aba7-11ed-b75d-9f24bacbc83d,135,160,Views
6f87c1f9-aba7-11ed-867b-9f24bacbc83d,135,181,Purchase
6f87c1fa-aba7-11ed-9f91-9f24bacbc83d,135,84,Views
6f87c1fb-aba7-11ed-8b1b-9f24bacbc83d,135,163,Views
6f87c1fc-aba7-11ed-a82e-9f24bacbc83d,135,58,Cart
6f87c1fd-aba7-11ed-8cfd-9f24bacbc83d,136,157,Cart
6f87c1fe-aba7-11ed-8b29-9f24bacbc83d,136,197,Purchase
6f87c1ff-aba7-11ed-a1c5-9f24bacbc83d,136,43,Views
6f87c200-aba7-11ed-87c6-9f24bacbc83d,136,57,Purchase
6f87c201-aba7-11ed-aa5a-9f24bacbc83d,137,98,Cart
6f88f5fe-aba7-11ed-b598-9f24bacbc83d,137,162,Cart
6f88f5ff-aba7-11ed-a906-9f24bacbc83d,137,83,Purchase
6f88f600-aba7-11ed-8bfa-9f24bacbc83d,137,43,Purchase
6f88f601-aba7-11ed-92b2-9f24bacbc83d,137,150,Views
6f88f602-aba7-11ed-96e3-9f24bacbc83d,137,14,Views
6f88f603-aba7-11ed-a230-9f24bacbc83d,138,22,Cart
6f88f604-aba7-11ed-a4c0-9f24bacbc83d,138,80,Views
6f88f605-aba7-11ed-af3c-9f24bacbc83d,138,138,Purchase
6f88f606-aba7-11ed-978a-9f24bacbc83d,138,132,Purchase
6f88f607-aba7-11ed-a9af-9f24bacbc83d,138,114,Views
6f88f608-aba7-11ed-b991-9f24bacbc83d,138,8,Cart
6f88f609-aba7-11ed-8fc3-9f24bacbc83d,138,77,Views
6f88f60a-aba7-11ed-b643-9f24bacbc83d,138,158,Purchase
6f88f60b-aba7-11ed-ad4b-9f24bacbc83d,138,14,Cart
6f88f60c-aba7-11ed-98b9-9f24bacbc83d,139,195,Views
6f88f60d-aba7-11ed-8164-9f24bacbc83d,139,82,Views
6f88f60e-aba7-11ed-ad9b-9f24bacbc83d,140,28,Purchase
6f88f60f-aba7-11ed-ba06-9f24bacbc83d,141,115,Views
6f88f610-aba7-11ed-a8ad-9f24bacbc83d,141,122,Purchase
6f88f611-aba7-11ed-9c2e-9f24bacbc83d,141,152,Views
6f88f612-aba7-11ed-9b1e-9f24bacbc83d,141,71,Cart
6f88f613-aba7-11ed-9712-9f24bacbc83d,142,192,Purchase
6f88f614-aba7-11ed-b944-9f24bacbc83d,142,165,Purchase
6f88f615-aba7-11ed-9a80-9f24bacbc83d,142,41,Views
6f88f616-aba7-11ed-a1d4-9f24bacbc83d,142,198,Cart
6f88f617-aba7-11ed-972f-9f24bacbc83d,142,192,Views
6f88f618-aba7-11ed-9db7-9f24bacbc83d,142,69,Views
6f88f619-aba7-11ed-81c2-9f24bacbc83d,142,169,Purchase
6f88f61a-aba7-11ed-86e9-9f24bacbc83d,142,186,Purchase
6f88f61b-aba7-11ed-9043-9f24bacbc83d,143,46,Purchase
6f88f61c-aba7-11ed-ba5d-9f24bacbc83d,143,174,Views
6f88f61d-aba7-11ed-83fb-9f24bacbc83d,143,31,Views
6f88f61e-aba7-11ed-bc42-9f24bacbc83d,143,101,Cart
6f88f61f-aba7-11ed-9e7f-9f24bacbc83d,143,203,Cart
6f88f620-aba7-11ed-8c46-9f24bacbc83d,143,33,Purchase
6f88f621-aba7-11ed-aff5-9f24bacbc83d,143,174,Cart
6f88f622-aba7-11ed-9ced-9f24bacbc83d,143,200,Cart
6f88f623-aba7-11ed-9528-9f24bacbc83d,144,96,Views
6f88f624-aba7-11ed-af77-9f24bacbc83d,144,199,Cart
6f88f625-aba7-11ed-bfde-9f24bacbc83d,144,37,Views
6f88f626-aba7-11ed-80c9-9f24bacbc83d,144,59,Cart
6f88f627-aba7-11ed-b8f0-9f24bacbc83d,144,184,Purchase
6f88f628-aba7-11ed-9772-9f24bacbc83d,145,176,Views
6f88f629-aba7-11ed-b38c-9f24bacbc83d,145,185,Views
6f88f62a-aba7-11ed-8bc3-9f24bacbc83d,145,32,Cart
6f88f62b-aba7-11ed-b811-9f24bacbc83d,145,128,Views
6f88f62c-aba7-11ed-9772-9f24bacbc83d,145,171,Purchase
6f88f62d-aba7-11ed-b6a0-9f24bacbc83d,145,208,Views
6f88f62e-aba7-11ed-86ed-9f24bacbc83d,145,177,Cart
6f88f62f-aba7-11ed-92f3-9f24bacbc83d,145,28,Cart
6f88f630-aba7-11ed-8a11-9f24bacbc83d,145,9,Cart
6f88f631-aba7-11ed-86b2-9f24bacbc83d,146,71,Cart
6f88f632-aba7-11ed-93e1-9f24bacbc83d,146,73,Views
6f88f633-aba7-11ed-8434-9f24bacbc83d,146,166,Cart
6f88f634-aba7-11ed-a9b1-9f24bacbc83d,146,51,Purchase
6f88f635-aba7-11ed-9dca-9f24bacbc83d,146,115,Purchase
6f88f636-aba7-11ed-abd4-9f24bacbc83d,146,13,Views
6f88f637-aba7-11ed-be8f-9f24bacbc83d,146,156,Views
6f88f638-aba7-11ed-864c-9f24bacbc83d,147,84,Purchase
6f88f639-aba7-11ed-9051-9f24bacbc83d,147,25,Cart
6f88f63a-aba7-11ed-ba44-9f24bacbc83d,147,19,Cart
6f88f63b-aba7-11ed-8a6e-9f24bacbc83d,148,131,Cart
6f88f63c-aba7-11ed-9c04-9f24bacbc83d,148,165,Cart
6f88f63d-aba7-11ed-b664-9f24bacbc83d,148,92,Cart
6f88f63e-aba7-11ed-aedc-9f24bacbc83d,148,110,Cart
6f88f63f-aba7-11ed-9a3d-9f24bacbc83d,148,6,Cart
6f88f640-aba7-11ed-8299-9f24bacbc83d,148,83,Views
6f88f641-aba7-11ed-993f-9f24bacbc83d,148,2,Cart
6f88f642-aba7-11ed-ac46-9f24bacbc83d,148,128,Purchase
6f88f643-aba7-11ed-99c9-9f24bacbc83d,148,176,Views
6f88f644-aba7-11ed-a56c-9f24bacbc83d,149,74,Views
6f88f645-aba7-11ed-9c31-9f24bacbc83d,149,128,Views
6f88f646-aba7-11ed-ba32-9f24bacbc83d,150,63,Views
6f88f647-aba7-11ed-82f7-9f24bacbc83d,150,62,Cart
6f88f648-aba7-11ed-8cb6-9f24bacbc83d,150,56,Views
6f88f649-aba7-11ed-a3e0-9f24bacbc83d,150,8,Purchase
6f88f64a-aba7-11ed-9233-9f24bacbc83d,150,13,Views
6f88f64b-aba7-11ed-85e1-9f24bacbc83d,150,1,Cart
6f88f64c-aba7-11ed-b087-9f24bacbc83d,150,176,Purchase
6f88f64d-aba7-11ed-8a30-9f24bacbc83d,151,114,Cart
6f88f64e-aba7-11ed-a037-9f24bacbc83d,151,69,Purchase
6f88f64f-aba7-11ed-86d3-9f24bacbc83d,151,182,Cart
6f88f650-aba7-11ed-90c2-9f24bacbc83d,151,66,Views
6f88f651-aba7-11ed-9f2d-9f24bacbc83d,151,170,Views
6f88f652-aba7-11ed-894e-9f24bacbc83d,151,100,Views
6f88f653-aba7-11ed-a14f-9f24bacbc83d,151,85,Purchase
6f88f654-aba7-11ed-aee1-9f24bacbc83d,151,23,Purchase
6f88f655-aba7-11ed-9bec-9f24bacbc83d,152,107,Views
6f88f656-aba7-11ed-bb53-9f24bacbc83d,152,208,Purchase
6f88f657-aba7-11ed-acc0-9f24bacbc83d,152,55,Views
6f88f658-aba7-11ed-906d-9f24bacbc83d,152,19,Views
6f88f659-aba7-11ed-806a-9f24bacbc83d,152,176,Views
6f88f65a-aba7-11ed-a22e-9f24bacbc83d,152,104,Views
6f88f65b-aba7-11ed-abb6-9f24bacbc83d,152,157,Views
6f88f65c-aba7-11ed-9488-9f24bacbc83d,152,154,Views
6f88f65d-aba7-11ed-905e-9f24bacbc83d,152,157,Cart
6f88f65e-aba7-11ed-94d9-9f24bacbc83d,153,38,Cart
6f88f65f-aba7-11ed-8ed8-9f24bacbc83d,153,172,Purchase
6f88f660-aba7-11ed-9820-9f24bacbc83d,153,171,Views
6f88f661-aba7-11ed-81f9-9f24bacbc83d,154,12,Cart
6f88f662-aba7-11ed-b1b1-9f24bacbc83d,154,122,Views
6f88f663-aba7-11ed-8ddd-9f24bacbc83d,154,192,Views
6f88f664-aba7-11ed-aa24-9f24bacbc83d,154,58,Views
6f88f665-aba7-11ed-b6a5-9f24bacbc83d,154,131,Views
6f88f666-aba7-11ed-b04b-9f24bacbc83d,154,15,Purchase
6f88f667-aba7-11ed-bde3-9f24bacbc83d,154,159,Views
6f88f668-aba7-11ed-8ece-9f24bacbc83d,154,99,Views
6f88f669-aba7-11ed-8601-9f24bacbc83d,155,27,Purchase
6f88f66a-aba7-11ed-a7d3-9f24bacbc83d,155,89,Purchase
6f88f66b-aba7-11ed-a00b-9f24bacbc83d,155,11,Cart
6f88f66c-aba7-11ed-be9c-9f24bacbc83d,155,98,Purchase
6f88f66d-aba7-11ed-ba50-9f24bacbc83d,155,71,Purchase
6f88f66e-aba7-11ed-8a48-9f24bacbc83d,155,123,Purchase
6f88f66f-aba7-11ed-b04d-9f24bacbc83d,156,68,Views
6f88f670-aba7-11ed-8e4d-9f24bacbc83d,156,83,Cart
6f88f671-aba7-11ed-9552-9f24bacbc83d,156,13,Cart
6f88f672-aba7-11ed-a85f-9f24bacbc83d,156,68,Cart
6f88f673-aba7-11ed-9597-9f24bacbc83d,157,7,Purchase
6f88f674-aba7-11ed-b639-9f24bacbc83d,157,98,Purchase
6f88f675-aba7-11ed-b7a0-9f24bacbc83d,157,96,Cart
6f88f676-aba7-11ed-b949-9f24bacbc83d,157,101,Views
6f88f677-aba7-11ed-9600-9f24bacbc83d,157,177,Purchase
6f88f678-aba7-11ed-a3f0-9f24bacbc83d,157,23,Purchase
6f88f679-aba7-11ed-88af-9f24bacbc83d,157,8,Cart
6f88f67a-aba7-11ed-8aa3-9f24bacbc83d,158,6,Views
6f88f67b-aba7-11ed-8bc5-9f24bacbc83d,159,45,Purchase
6f88f67c-aba7-11ed-ba4e-9f24bacbc83d,159,33,Purchase
6f88f67d-aba7-11ed-b302-9f24bacbc83d,159,140,Views
6f88f67e-aba7-11ed-9e7f-9f24bacbc83d,160,20,Cart
6f88f67f-aba7-11ed-841b-9f24bacbc83d,160,132,Views
6f88f680-aba7-11ed-8b34-9f24bacbc83d,160,114,Purchase
6f88f681-aba7-11ed-a355-9f24bacbc83d,160,179,Views
6f88f682-aba7-11ed-b3b0-9f24bacbc83d,161,11,Views
6f88f683-aba7-11ed-897e-9f24bacbc83d,161,188,Cart
6f88f684-aba7-11ed-8be6-9f24bacbc83d,161,30,Views
6f88f685-aba7-11ed-b83a-9f24bacbc83d,162,98,Cart
6f88f686-aba7-11ed-be19-9f24bacbc83d,163,129,Cart
6f88f687-aba7-11ed-b901-9f24bacbc83d,163,114,Views
6f88f688-aba7-11ed-ab20-9f24bacbc83d,163,94,Cart
6f88f689-aba7-11ed-bd70-9f24bacbc83d,164,92,Views
6f88f68a-aba7-11ed-8bce-9f24bacbc83d,164,41,Purchase
6f88f68b-aba7-11ed-9a97-9f24bacbc83d,164,32,Cart
6f88f68c-aba7-11ed-b60b-9f24bacbc83d,164,73,Cart
6f88f68d-aba7-11ed-aa67-9f24bacbc83d,164,102,Views
6f88f68e-aba7-11ed-bbed-9f24bacbc83d,164,98,Purchase
6f88f68f-aba7-11ed-ae88-9f24bacbc83d,165,52,Purchase
6f88f690-aba7-11ed-891f-9f24bacbc83d,165,159,Views
6f88f691-aba7-11ed-a4a4-9f24bacbc83d,165,132,Purchase
6f88f692-aba7-11ed-a02a-9f24bacbc83d,165,49,Cart
6f88f693-aba7-11ed-9c8f-9f24bacbc83d,165,70,Purchase
6f88f694-aba7-11ed-9db1-9f24bacbc83d,165,182,Cart
6f88f695-aba7-11ed-ae4c-9f24bacbc83d,165,110,Views
6f88f696-aba7-11ed-b550-9f24bacbc83d,166,188,Views
6f88f697-aba7-11ed-92f7-9f24bacbc83d,166,167,Views
6f88f698-aba7-11ed-8477-9f24bacbc83d,167,32,Purchase
6f88f699-aba7-11ed-a557-9f24bacbc83d,167,208,Cart
6f88f69a-aba7-11ed-af4a-9f24bacbc83d,167,160,Purchase
6f88f69b-aba7-11ed-832a-9f24bacbc83d,167,131,Cart
6f88f69c-aba7-11ed-9685-9f24bacbc83d,167,191,Purchase
6f88f69d-aba7-11ed-b927-9f24bacbc83d,168,154,Purchase
6f88f69e-aba7-11ed-b719-9f24bacbc83d,169,149,Cart
6f88f69f-aba7-11ed-942d-9f24bacbc83d,169,116,Purchase
6f88f6a0-aba7-11ed-83e9-9f24bacbc83d,169,145,Views
6f88f6a1-aba7-11ed-a69c-9f24bacbc83d,169,112,Purchase
6f88f6a2-aba7-11ed-83fd-9f24bacbc83d,169,24,Purchase
6f88f6a3-aba7-11ed-908f-9f24bacbc83d,169,33,Purchase
6f88f6a4-aba7-11ed-94a1-9f24bacbc83d,169,137,Cart
6f88f6a5-aba7-11ed-a009-9f24bacbc83d,169,65,Purchase
6f88f6a6-aba7-11ed-80b5-9f24bacbc83d,170,208,Cart
6f88f6a7-aba7-11ed-bc1a-9f24bacbc83d,170,3,Views
6f88f6a8-aba7-11ed-89fb-9f24bacbc83d,170,208,Purchase
6f88f6a9-aba7-11ed-afb7-9f24bacbc83d,170,176,Views
6f88f6aa-aba7-11ed-bb51-9f24bacbc83d,170,172,Purchase
6f88f6ab-aba7-11ed-8172-9f24bacbc83d,171,58,Purchase
6f88f6ac-aba7-11ed-92e5-9f24bacbc83d,171,189,Cart
6f88f6ad-aba7-11ed-be36-9f24bacbc83d,172,59,Cart
6f88f6ae-aba7-11ed-8ff5-9f24bacbc83d,172,147,Purchase
6f88f6af-aba7-11ed-b969-9f24bacbc83d,172,122,Purchase
6f88f6b0-aba7-11ed-84bf-9f24bacbc83d,172,114,Views
6f88f6b1-aba7-11ed-8556-9f24bacbc83d,172,169,Views
6f88f6b2-aba7-11ed-b956-9f24bacbc83d,172,155,Purchase
6f88f6b3-aba7-11ed-9ba9-9f24bacbc83d,172,63,Cart
6f88f6b4-aba7-11ed-b166-9f24bacbc83d,172,154,Views
6f88f6b5-aba7-11ed-b760-9f24bacbc83d,173,151,Purchase
6f88f6b6-aba7-11ed-8f44-9f24bacbc83d,173,86,Purchase
6f88f6b7-aba7-11ed-993c-9f24bacbc83d,173,101,Views
6f88f6b8-aba7-11ed-bb97-9f24bacbc83d,174,93,Purchase
6f88f6b9-aba7-11ed-a2a1-9f24bacbc83d,174,73,Views
6f88f6ba-aba7-11ed-aa57-9f24bacbc83d,174,60,Cart
6f88f6bb-aba7-11ed-8985-9f24bacbc83d,174,97,Purchase
6f88f6bc-aba7-11ed-8975-9f24bacbc83d,175,97,Views
6f88f6bd-aba7-11ed-952d-9f24bacbc83d,175,125,Views
6f88f6be-aba7-11ed-a145-9f24bacbc83d,175,101,Cart
6f88f6bf-aba7-11ed-ab57-9f24bacbc83d,176,153,Cart
6f88f6c0-aba7-11ed-8b3d-9f24bacbc83d,176,60,Cart
6f88f6c1-aba7-11ed-b495-9f24bacbc83d,176,130,Purchase
6f88f6c2-aba7-11ed-93c7-9f24bacbc83d,176,122,Views
6f88f6c3-aba7-11ed-a3d7-9f24bacbc83d,177,65,Cart
6f88f6c4-aba7-11ed-901b-9f24bacbc83d,177,115,Views
6f88f6c5-aba7-11ed-a27e-9f24bacbc83d,177,22,Views
6f88f6c6-aba7-11ed-a8bf-9f24bacbc83d,178,58,Purchase
6f88f6c7-aba7-11ed-acf4-9f24bacbc83d,178,205,Cart
6f88f6c8-aba7-11ed-91f8-9f24bacbc83d,178,119,Cart
6f88f6c9-aba7-11ed-b047-9f24bacbc83d,178,175,Cart
6f88f6ca-aba7-11ed-b9cf-9f24bacbc83d,178,196,Views
6f88f6cb-aba7-11ed-a94a-9f24bacbc83d,179,182,Cart
6f88f6cc-aba7-11ed-9bcf-9f24bacbc83d,179,140,Cart
6f88f6cd-aba7-11ed-a390-9f24bacbc83d,179,60,Views
6f88f6ce-aba7-11ed-ad67-9f24bacbc83d,179,35,Cart
6f88f6cf-aba7-11ed-a66d-9f24bacbc83d,179,37,Purchase
6f88f6d0-aba7-11ed-889c-9f24bacbc83d,179,29,Cart
6f88f6d1-aba7-11ed-9bba-9f24bacbc83d,179,183,Purchase
6f88f6d2-aba7-11ed-b4b8-9f24bacbc83d,180,136,Views
6f88f6d3-aba7-11ed-a505-9f24bacbc83d,180,177,Cart
6f88f6d4-aba7-11ed-ab09-9f24bacbc83d,181,138,Views
6f88f6d5-aba7-11ed-bcf1-9f24bacbc83d,181,121,Views
6f88f6d6-aba7-11ed-a726-9f24bacbc83d,181,177,Views
6f88f6d7-aba7-11ed-b79d-9f24bacbc83d,181,103,Purchase
6f88f6d8-aba7-11ed-b12c-9f24bacbc83d,181,160,Views
6f88f6d9-aba7-11ed-9177-9f24bacbc83d,182,41,Cart
6f88f6da-aba7-11ed-96a8-9f24bacbc83d,182,132,Views
6f88f6db-aba7-11ed-b2b2-9f24bacbc83d,182,191,Views
6f88f6dc-aba7-11ed-a207-9f24bacbc83d,182,114,Purchase
6f88f6dd-aba7-11ed-a764-9f24bacbc83d,182,32,Views
6f88f6de-aba7-11ed-8147-9f24bacbc83d,182,187,Cart
6f88f6df-aba7-11ed-8a7c-9f24bacbc83d,183,92,Views
6f88f6e0-aba7-11ed-986b-9f24bacbc83d,184,108,Cart
6f88f6e1-aba7-11ed-9533-9f24bacbc83d,184,10,Purchase
6f88f6e2-aba7-11ed-8c44-9f24bacbc83d,184,143,Cart
6f88f6e3-aba7-11ed-9ad0-9f24bacbc83d,184,18,Purchase
6f88f6e4-aba7-11ed-8ea7-9f24bacbc83d,184,110,Views
6f88f6e5-aba7-11ed-af1f-9f24bacbc83d,184,74,Views
6f88f6e6-aba7-11ed-bb47-9f24bacbc83d,184,17,Views
6f88f6e7-aba7-11ed-9e7e-9f24bacbc83d,185,114,Cart
6f88f6e8-aba7-11ed-a45e-9f24bacbc83d,185,39,Cart
6f88f6e9-aba7-11ed-8516-9f24bacbc83d,185,187,Purchase
6f88f6ea-aba7-11ed-876f-9f24bacbc83d,185,79,Views
6f88f6eb-aba7-11ed-9c55-9f24bacbc83d,185,138,Views
6f88f6ec-aba7-11ed-af67-9f24bacbc83d,185,160,Cart
6f88f6ed-aba7-11ed-a38f-9f24bacbc83d,185,63,Views
6f88f6ee-aba7-11ed-83a5-9f24bacbc83d,186,86,Views
6f88f6ef-aba7-11ed-a615-9f24bacbc83d,186,83,Views
6f88f6f0-aba7-11ed-aa90-9f24bacbc83d,187,142,Purchase
6f88f6f1-aba7-11ed-b8ee-9f24bacbc83d,187,86,Cart
6f88f6f2-aba7-11ed-aa20-9f24bacbc83d,187,136,Cart
6f88f6f3-aba7-11ed-b7fc-9f24bacbc83d,188,117,Cart
6f88f6f4-aba7-11ed-95d4-9f24bacbc83d,188,100,Views
6f88f6f5-aba7-11ed-8afb-9f24bacbc83d,188,176,Cart
6f88f6f6-aba7-11ed-954d-9f24bacbc83d,188,159,Cart
6f88f6f7-aba7-11ed-9590-9f24bacbc83d,189,82,Views
6f88f6f8-aba7-11ed-b2b3-9f24bacbc83d,189,8,Views
6f88f6f9-aba7-11ed-8d60-9f24bacbc83d,189,169,Purchase
6f88f6fa-aba7-11ed-ac00-9f24bacbc83d,189,120,Cart
6f88f6fb-aba7-11ed-92da-9f24bacbc83d,190,149,Purchase
6f88f6fc-aba7-11ed-b8bb-9f24bacbc83d,190,166,Purchase
6f88f6fd-aba7-11ed-893d-9f24bacbc83d,190,92,Views
6f88f6fe-aba7-11ed-bc0a-9f24bacbc83d,190,165,Purchase
6f88f6ff-aba7-11ed-8378-9f24bacbc83d,190,118,Cart
6f88f700-aba7-11ed-bf29-9f24bacbc83d,191,207,Purchase
6f88f701-aba7-11ed-8be6-9f24bacbc83d,191,146,Cart
6f88f702-aba7-11ed-9001-9f24bacbc83d,192,110,Purchase
6f88f703-aba7-11ed-bc6b-9f24bacbc83d,192,64,Views
6f88f704-aba7-11ed-9c28-9f24bacbc83d,192,35,Cart
6f88f705-aba7-11ed-9d3e-9f24bacbc83d,192,108,Cart
6f88f706-aba7-11ed-bb5b-9f24bacbc83d,192,188,Views
6f88f707-aba7-11ed-8732-9f24bacbc83d,193,189,Views
6f88f708-aba7-11ed-b01e-9f24bacbc83d,193,139,Purchase
6f88f709-aba7-11ed-9c12-9f24bacbc83d,193,166,Purchase
6f88f70a-aba7-11ed-bf9a-9f24bacbc83d,194,120,Views
6f88f70b-aba7-11ed-b2cf-9f24bacbc83d,194,74,Purchase
6f88f70c-aba7-11ed-a5f1-9f24bacbc83d,194,54,Views
6f88f70d-aba7-11ed-8647-9f24bacbc83d,194,199,Views
6f88f70e-aba7-11ed-9712-9f24bacbc83d,194,44,Cart
6f88f70f-aba7-11ed-b2a2-9f24bacbc83d,194,80,Purchase
6f88f710-aba7-11ed-b545-9f24bacbc83d,195,45,Purchase
6f88f711-aba7-11ed-9b5c-9f24bacbc83d,195,198,Cart
6f88f712-aba7-11ed-9ea1-9f24bacbc83d,195,18,Cart
6f88f713-aba7-11ed-9c01-9f24bacbc83d,196,130,Views
6f88f714-aba7-11ed-8684-9f24bacbc83d,196,190,Cart
6f88f715-aba7-11ed-a54a-9f24bacbc83d,197,16,Purchase
6f88f716-aba7-11ed-9737-9f24bacbc83d,197,106,Views
6f88f717-aba7-11ed-9022-9f24bacbc83d,197,146,Cart
6f88f718-aba7-11ed-961c-9f24bacbc83d,197,200,Cart
6f88f719-aba7-11ed-a9f0-9f24bacbc83d,197,108,Views
6f88f71a-aba7-11ed-9179-9f24bacbc83d,197,2,Purchase
6f88f71b-aba7-11ed-a1eb-9f24bacbc83d,197,11,Views
6f88f71c-aba7-11ed-94fc-9f24bacbc83d,197,17,Purchase
6f88f71d-aba7-11ed-82b8-9f24bacbc83d,198,51,Views
6f88f71e-aba7-11ed-b148-9f24bacbc83d,198,35,Views
6f88f71f-aba7-11ed-b351-9f24bacbc83d,198,97,Purchase
6f88f720-aba7-11ed-b9c9-9f24bacbc83d,198,192,Purchase
6f88f721-aba7-11ed-a0f3-9f24bacbc83d,198,58,Views
6f88f722-aba7-11ed-8988-9f24bacbc83d,199,131,Cart
6f88f723-aba7-11ed-8103-9f24bacbc83d,199,120,Views
6f88f724-aba7-11ed-a1c7-9f24bacbc83d,199,84,Cart
6f88f725-aba7-11ed-b719-9f24bacbc83d,199,166,Purchase
6f88f726-aba7-11ed-83d5-9f24bacbc83d,199,194,Purchase
6f88f727-aba7-11ed-a603-9f24bacbc83d,199,66,Cart
6f88f728-aba7-11ed-8e6f-9f24bacbc83d,199,159,Views
6f88f729-aba7-11ed-b761-9f24bacbc83d,199,60,Views
6f88f72a-aba7-11ed-a15a-9f24bacbc83d,199,163,Views
6f88f72b-aba7-11ed-9305-9f24bacbc83d,200,106,Purchase
6f88f72c-aba7-11ed-abd7-9f24bacbc83d,200,25,Views
6f88f72d-aba7-11ed-a0b9-9f24bacbc83d,200,165,Cart
6f88f72e-aba7-11ed-9ce6-9f24bacbc83d,200,199,Purchase
6f88f72f-aba7-11ed-9a7e-9f24bacbc83d,200,169,Views
6f88f730-aba7-11ed-9a8a-9f24bacbc83d,200,123,Cart
6f88f731-aba7-11ed-aa85-9f24bacbc83d,201,193,Views
6f88f732-aba7-11ed-a683-9f24bacbc83d,201,145,Cart
6f88f733-aba7-11ed-ac4a-9f24bacbc83d,201,144,Cart
6f88f734-aba7-11ed-9e63-9f24bacbc83d,201,110,Cart
6f88f735-aba7-11ed-911f-9f24bacbc83d,202,93,Views
6f88f736-aba7-11ed-bb5b-9f24bacbc83d,202,100,Cart
6f88f737-aba7-11ed-b883-9f24bacbc83d,202,41,Views
6f88f738-aba7-11ed-867a-9f24bacbc83d,202,188,Purchase
6f88f739-aba7-11ed-a163-9f24bacbc83d,203,200,Views
6f88f73a-aba7-11ed-9fe8-9f24bacbc83d,203,18,Purchase
6f88f73b-aba7-11ed-8f4f-9f24bacbc83d,203,157,Views
6f88f73c-aba7-11ed-88c5-9f24bacbc83d,203,133,Views
6f88f73d-aba7-11ed-95c9-9f24bacbc83d,203,95,Purchase
6f88f73e-aba7-11ed-b0db-9f24bacbc83d,203,80,Views
6f88f73f-aba7-11ed-af55-9f24bacbc83d,203,176,Cart
6f88f740-aba7-11ed-8281-9f24bacbc83d,203,201,Purchase
6f88f741-aba7-11ed-99d7-9f24bacbc83d,204,88,Purchase
6f88f742-aba7-11ed-b232-9f24bacbc83d,204,164,Cart
6f88f743-aba7-11ed-ae48-9f24bacbc83d,204,208,Purchase
6f88f744-aba7-11ed-a7b6-9f24bacbc83d,204,74,Purchase
6f88f745-aba7-11ed-b839-9f24bacbc83d,204,192,Cart
6f88f746-aba7-11ed-aff4-9f24bacbc83d,204,86,Purchase
6f88f747-aba7-11ed-abbc-9f24bacbc83d,205,176,Cart
6f88f748-aba7-11ed-a929-9f24bacbc83d,205,10,Purchase
6f88f749-aba7-11ed-ac05-9f24bacbc83d,205,43,Cart
6f88f74a-aba7-11ed-afb8-9f24bacbc83d,205,63,Purchase
6f88f74b-aba7-11ed-98e3-9f24bacbc83d,205,40,Views
6f88f74c-aba7-11ed-8a18-9f24bacbc83d,206,90,Purchase
6f88f74d-aba7-11ed-9824-9f24bacbc83d,206,27,Purchase
6f88f74e-aba7-11ed-a81d-9f24bacbc83d,207,91,Cart
6f88f74f-aba7-11ed-90bf-9f24bacbc83d,207,76,Views
6f88f750-aba7-11ed-b069-9f24bacbc83d,207,125,Purchase
6f88f751-aba7-11ed-bde8-9f24bacbc83d,207,167,Views
6f88f752-aba7-11ed-912b-9f24bacbc83d,208,111,Purchase
6f88f753-aba7-11ed-a869-9f24bacbc83d,209,148,Purchase
6f88f754-aba7-11ed-bed0-9f24bacbc83d,209,1,Purchase
